scenario,verdict,current_rows,ref_f1,cur_f1,delta_f1,ref_precision,cur_precision,delta_precision,ref_recall,cur_recall,delta_recall,ref_auc_roc,cur_auc_roc,delta_auc_roc
casemix_shift,ALERT,99340,0.32714552000612823,0.32059800664451826,-0.006547513361609969,0.2300262127904054,0.22413429054054054,-0.005891922249864845,0.5662011666961287,0.5628313891834571,-0.0033697775126716456,0.7298987196805886,0.7223141569780434,-0.007584562702545261
coding_shift,ALERT,99340,0.32714552000612823,0.32802612778117984,0.0008806077750516117,0.2300262127904054,0.2313395235010437,0.0013133107106383102,0.5662011666961287,0.5635630369980712,-0.0026381296980575453,0.7298987196805886,0.7256031316602718,-0.004295588020316821
current,OK,99340,0.32714552000612823,0.32646520146520147,-0.0006803185409267609,0.2300262127904054,0.2297447280799112,-0.00028148471049418977,0.5662011666961287,0.5638344609436781,-0.002366705752450682,0.7298987196805886,0.7304452142889033,0.0005464946083146849
formulary_shift,ALERT,99340,0.32714552000612823,0.3235440778941291,-0.0036014421119991424,0.2300262127904054,0.2315291289486534,0.0015029161582480188,0.5662011666961287,0.5369337979094077,-0.029267368786721093,0.7298987196805886,0.7235187617337053,-0.006379957946883286
los_utilization_shift,ALERT,99340,0.32714552000612823,0.31086426442698456,-0.016281255579143672,0.2300262127904054,0.22389166406493913,-0.00613454872546626,0.5662011666961287,0.5083289030657452,-0.05787226363038356,0.7298987196805886,0.7121030903575227,-0.017795629323065887
mixed_severe,ALERT,99340,0.32714552000612823,0.3080289244069696,-0.019116595599158626,0.2300262127904054,0.22153137593552102,-0.008494836854884363,0.5662011666961287,0.5053405708282263,-0.06086059586790249,0.7298987196805886,0.7011817287530016,-0.02871699092758706
none,OK,99340,0.32714552000612823,0.32646520146520147,-0.0006803185409267609,0.2300262127904054,0.2297447280799112,-0.00028148471049418977,0.5662011666961287,0.5638344609436781,-0.002366705752450682,0.7298987196805886,0.7304452142889033,0.0005464946083146849
